"filename", "language", "C++", "Makefile", "Markdown", "XML", "Python", "Shell Script", "JSON with Comments", "Properties", "YAML", "Docker", "comment", "blank", "total"
"d:\RECENT\校招\技术\Program\TinyRPC\.devcontainer\.env", "Properties", 0, 0, 0, 0, 0, 0, 0, 5, 0, 0, 0, 0, 5
"d:\RECENT\校招\技术\Program\TinyRPC\.devcontainer\Dockerfile", "Docker", 0, 0, 0, 0, 0, 0, 0, 0, 0, 17, 10, 9, 36
"d:\RECENT\校招\技术\Program\TinyRPC\.devcontainer\devcontainer.json", "JSON with Comments", 0, 0, 0, 0, 0, 0, 9, 0, 0, 0, 13, 5, 27
"d:\RECENT\校招\技术\Program\TinyRPC\.devcontainer\docker-compose.yml", "YAML", 0, 0, 0, 0, 0, 0, 0, 0, 21, 0, 6, 8, 35
"d:\RECENT\校招\技术\Program\TinyRPC\.devcontainer\install-mariadb.sh", "Shell Script", 0, 0, 0, 0, 0, 102, 0, 0, 0, 0, 10, 16, 128
"d:\RECENT\校招\技术\Program\TinyRPC\.devcontainer\install-protobuf.sh", "Shell Script", 0, 0, 0, 0, 0, 12, 0, 0, 0, 0, 1, 2, 15
"d:\RECENT\校招\技术\Program\TinyRPC\.devcontainer\reinstall-cmake.sh", "Shell Script", 0, 0, 0, 0, 0, 40, 0, 0, 0, 0, 7, 12, 59
"d:\RECENT\校招\技术\Program\TinyRPC\.devcontainer\tinyxml.sh", "Shell Script", 0, 0, 0, 0, 0, 7, 0, 0, 0, 0, 2, 0, 9
"d:\RECENT\校招\技术\Program\TinyRPC\README.md", "Markdown", 0, 0, 877, 0, 0, 0, 0, 0, 0, 0, 24, 276, 1177
"d:\RECENT\校招\技术\Program\TinyRPC\build.sh", "Shell Script", 0, 0, 0, 0, 0, 17, 0, 0, 0, 0, 1, 6, 24
"d:\RECENT\校招\技术\Program\TinyRPC\conf\test_http_server.xml", "XML", 0, 0, 0, 27, 0, 0, 0, 0, 0, 0, 10, 14, 51
"d:\RECENT\校招\技术\Program\TinyRPC\conf\test_tinypb_server.xml", "XML", 0, 0, 0, 37, 0, 0, 0, 0, 0, 0, 11, 14, 62
"d:\RECENT\校招\技术\Program\TinyRPC\generator\template\run.sh", "Shell Script", 0, 0, 0, 0, 0, 29, 0, 0, 0, 0, 4, 13, 46
"d:\RECENT\校招\技术\Program\TinyRPC\generator\template\shutdown.sh", "Shell Script", 0, 0, 0, 0, 0, 28, 0, 0, 0, 0, 2, 13, 43
"d:\RECENT\校招\技术\Program\TinyRPC\generator\tinyrpc_generator.py", "Python", 0, 0, 0, 0, 468, 0, 0, 0, 0, 0, 17, 123, 608
"d:\RECENT\校招\技术\Program\TinyRPC\makefile", "Makefile", 0, 74, 0, 0, 0, 0, 0, 0, 0, 0, 18, 38, 130
"d:\RECENT\校招\技术\Program\TinyRPC\testcases\test_coroutine.cc", "C++", 67, 0, 0, 0, 0, 0, 0, 0, 0, 0, 0, 26, 93
"d:\RECENT\校招\技术\Program\TinyRPC\testcases\test_http_server.cc", "C++", 148, 0, 0, 0, 0, 0, 0, 0, 0, 0, 0, 46, 194
"d:\RECENT\校招\技术\Program\TinyRPC\testcases\test_tinypb_server.cc", "C++", 62, 0, 0, 0, 0, 0, 0, 0, 0, 0, 4, 24, 90
"d:\RECENT\校招\技术\Program\TinyRPC\testcases\test_tinypb_server_client.cc", "C++", 28, 0, 0, 0, 0, 0, 0, 0, 0, 0, 0, 13, 41
"d:\RECENT\校招\技术\Program\TinyRPC\tinyrpc\comm\config.cc", "C++", 220, 0, 0, 0, 0, 0, 0, 0, 0, 0, 0, 60, 280
"d:\RECENT\校招\技术\Program\TinyRPC\tinyrpc\comm\config.h", "C++", 49, 0, 0, 0, 0, 0, 0, 0, 0, 0, 2, 27, 78
"d:\RECENT\校招\技术\Program\TinyRPC\tinyrpc\comm\error_code.h", "C++", 21, 0, 0, 0, 0, 0, 0, 0, 0, 0, 3, 12, 36
"d:\RECENT\校招\技术\Program\TinyRPC\tinyrpc\comm\log.cc", "C++", 337, 0, 0, 0, 0, 0, 0, 0, 0, 0, 12, 109, 458
"d:\RECENT\校招\技术\Program\TinyRPC\tinyrpc\comm\log.h", "C++", 161, 0, 0, 0, 0, 0, 0, 0, 0, 0, 1, 71, 233
"d:\RECENT\校招\技术\Program\TinyRPC\tinyrpc\comm\msg_req.cc", "C++", 50, 0, 0, 0, 0, 0, 0, 0, 0, 0, 2, 11, 63
"d:\RECENT\校招\技术\Program\TinyRPC\tinyrpc\comm\msg_req.h", "C++", 10, 0, 0, 0, 0, 0, 0, 0, 0, 0, 0, 8, 18
"d:\RECENT\校招\技术\Program\TinyRPC\tinyrpc\comm\mysql_instase.cc", "C++", 188, 0, 0, 0, 0, 0, 0, 0, 0, 0, 10, 42, 240
"d:\RECENT\校招\技术\Program\TinyRPC\tinyrpc\comm\mysql_instase.h", "C++", 64, 0, 0, 0, 0, 0, 0, 0, 0, 0, 0, 40, 104
"d:\RECENT\校招\技术\Program\TinyRPC\tinyrpc\comm\run_time.h", "C++", 11, 0, 0, 0, 0, 0, 0, 0, 0, 0, 0, 6, 17
"d:\RECENT\校招\技术\Program\TinyRPC\tinyrpc\comm\start.cc", "C++", 44, 0, 0, 0, 0, 0, 0, 0, 0, 0, 3, 15, 62
"d:\RECENT\校招\技术\Program\TinyRPC\tinyrpc\comm\start.h", "C++", 32, 0, 0, 0, 0, 0, 0, 0, 0, 0, 1, 15, 48
"d:\RECENT\校招\技术\Program\TinyRPC\tinyrpc\comm\string_util.cc", "C++", 49, 0, 0, 0, 0, 0, 0, 0, 0, 0, 1, 12, 62
"d:\RECENT\校招\技术\Program\TinyRPC\tinyrpc\comm\string_util.h", "C++", 15, 0, 0, 0, 0, 0, 0, 0, 0, 0, 6, 10, 31
"d:\RECENT\校招\技术\Program\TinyRPC\tinyrpc\comm\thread_pool.cc", "C++", 44, 0, 0, 0, 0, 0, 0, 0, 0, 0, 3, 16, 63
"d:\RECENT\校招\技术\Program\TinyRPC\tinyrpc\comm\thread_pool.h", "C++", 26, 0, 0, 0, 0, 0, 0, 0, 0, 0, 0, 15, 41
"d:\RECENT\校招\技术\Program\TinyRPC\tinyrpc\coroutine\coctx.h", "C++", 18, 0, 0, 0, 0, 0, 0, 0, 0, 0, 1, 9, 28
"d:\RECENT\校招\技术\Program\TinyRPC\tinyrpc\coroutine\coroutine.cc", "C++", 133, 0, 0, 0, 0, 0, 0, 0, 0, 0, 31, 50, 214
"d:\RECENT\校招\技术\Program\TinyRPC\tinyrpc\coroutine\coroutine.h", "C++", 74, 0, 0, 0, 0, 0, 0, 0, 0, 0, 2, 43, 119
"d:\RECENT\校招\技术\Program\TinyRPC\tinyrpc\coroutine\coroutine_hook.cc", "C++", 215, 0, 0, 0, 0, 0, 0, 0, 0, 0, 49, 82, 346
"d:\RECENT\校招\技术\Program\TinyRPC\tinyrpc\coroutine\coroutine_hook.h", "C++", 27, 0, 0, 0, 0, 0, 0, 0, 0, 0, 0, 24, 51
"d:\RECENT\校招\技术\Program\TinyRPC\tinyrpc\coroutine\coroutine_pool.cc", "C++", 61, 0, 0, 0, 0, 0, 0, 0, 0, 0, 6, 21, 88
"d:\RECENT\校招\技术\Program\TinyRPC\tinyrpc\coroutine\coroutine_pool.h", "C++", 23, 0, 0, 0, 0, 0, 0, 0, 0, 0, 4, 15, 42
"d:\RECENT\校招\技术\Program\TinyRPC\tinyrpc\coroutine\memory.cc", "C++", 69, 0, 0, 0, 0, 0, 0, 0, 0, 0, 12, 13, 94
"d:\RECENT\校招\技术\Program\TinyRPC\tinyrpc\coroutine\memory.h", "C++", 30, 0, 0, 0, 0, 0, 0, 0, 0, 0, 1, 18, 49
"d:\RECENT\校招\技术\Program\TinyRPC\tinyrpc\net\abstract_codec.h", "C++", 22, 0, 0, 0, 0, 0, 0, 0, 0, 0, 0, 15, 37
"d:\RECENT\校招\技术\Program\TinyRPC\tinyrpc\net\abstract_data.h", "C++", 12, 0, 0, 0, 0, 0, 0, 0, 0, 0, 0, 6, 18
"d:\RECENT\校招\技术\Program\TinyRPC\tinyrpc\net\abstract_dispatcher.h", "C++", 17, 0, 0, 0, 0, 0, 0, 0, 0, 0, 0, 12, 29
"d:\RECENT\校招\技术\Program\TinyRPC\tinyrpc\net\byte.h", "C++", 13, 0, 0, 0, 0, 0, 0, 0, 0, 0, 0, 8, 21
"d:\RECENT\校招\技术\Program\TinyRPC\tinyrpc\net\fd_event.cc", "C++", 153, 0, 0, 0, 0, 0, 0, 0, 0, 0, 3, 45, 201
"d:\RECENT\校招\技术\Program\TinyRPC\tinyrpc\net\fd_event.h", "C++", 63, 0, 0, 0, 0, 0, 0, 0, 0, 0, 0, 42, 105
"d:\RECENT\校招\技术\Program\TinyRPC\tinyrpc\net\http\http_codec.cc", "C++", 184, 0, 0, 0, 0, 0, 0, 0, 0, 0, 5, 32, 221
"d:\RECENT\校招\技术\Program\TinyRPC\tinyrpc\net\http\http_codec.h", "C++", 22, 0, 0, 0, 0, 0, 0, 0, 0, 0, 0, 12, 34
"d:\RECENT\校招\技术\Program\TinyRPC\tinyrpc\net\http\http_define.cc", "C++", 46, 0, 0, 0, 0, 0, 0, 0, 0, 0, 19, 20, 85
"d:\RECENT\校招\技术\Program\TinyRPC\tinyrpc\net\http\http_define.h", "C++", 39, 0, 0, 0, 0, 0, 0, 0, 0, 0, 21, 24, 84
"d:\RECENT\校招\技术\Program\TinyRPC\tinyrpc\net\http\http_dispatcher.cc", "C++", 42, 0, 0, 0, 0, 0, 0, 0, 0, 0, 0, 14, 56
"d:\RECENT\校招\技术\Program\TinyRPC\tinyrpc\net\http\http_dispatcher.h", "C++", 18, 0, 0, 0, 0, 0, 0, 0, 0, 0, 0, 13, 31
"d:\RECENT\校招\技术\Program\TinyRPC\tinyrpc\net\http\http_request.h", "C++", 22, 0, 0, 0, 0, 0, 0, 0, 0, 0, 0, 13, 35
"d:\RECENT\校招\技术\Program\TinyRPC\tinyrpc\net\http\http_response.h", "C++", 19, 0, 0, 0, 0, 0, 0, 0, 0, 0, 0, 9, 28
"d:\RECENT\校招\技术\Program\TinyRPC\tinyrpc\net\http\http_servlet.cc", "C++", 51, 0, 0, 0, 0, 0, 0, 0, 0, 0, 1, 22, 74
"d:\RECENT\校招\技术\Program\TinyRPC\tinyrpc\net\http\http_servlet.h", "C++", 28, 0, 0, 0, 0, 0, 0, 0, 0, 0, 0, 24, 52
"d:\RECENT\校招\技术\Program\TinyRPC\tinyrpc\net\mutex.cc", "C++", 57, 0, 0, 0, 0, 0, 0, 0, 0, 0, 2, 18, 77
"d:\RECENT\校招\技术\Program\TinyRPC\tinyrpc\net\mutex.h", "C++", 178, 0, 0, 0, 0, 0, 0, 0, 0, 0, 11, 42, 231
"d:\RECENT\校招\技术\Program\TinyRPC\tinyrpc\net\net_address.cc", "C++", 95, 0, 0, 0, 0, 0, 0, 0, 0, 0, 3, 26, 124
"d:\RECENT\校招\技术\Program\TinyRPC\tinyrpc\net\net_address.h", "C++", 58, 0, 0, 0, 0, 0, 0, 0, 0, 0, 0, 48, 106
"d:\RECENT\校招\技术\Program\TinyRPC\tinyrpc\net\reactor.cc", "C++", 331, 0, 0, 0, 0, 0, 0, 0, 0, 0, 37, 86, 454
"d:\RECENT\校招\技术\Program\TinyRPC\tinyrpc\net\reactor.h", "C++", 70, 0, 0, 0, 0, 0, 0, 0, 0, 0, 4, 45, 119
"d:\RECENT\校招\技术\Program\TinyRPC\tinyrpc\net\tcp\abstract_slot.h", "C++", 25, 0, 0, 0, 0, 0, 0, 0, 0, 0, 0, 10, 35
"d:\RECENT\校招\技术\Program\TinyRPC\tinyrpc\net\tcp\io_thread.cc", "C++", 152, 0, 0, 0, 0, 0, 0, 0, 0, 0, 9, 45, 206
"d:\RECENT\校招\技术\Program\TinyRPC\tinyrpc\net\tcp\io_thread.h", "C++", 56, 0, 0, 0, 0, 0, 0, 0, 0, 0, 4, 41, 101
"d:\RECENT\校招\技术\Program\TinyRPC\tinyrpc\net\tcp\tcp_buffer.cc", "C++", 96, 0, 0, 0, 0, 0, 0, 0, 0, 0, 17, 37, 150
"d:\RECENT\校招\技术\Program\TinyRPC\tinyrpc\net\tcp\tcp_buffer.h", "C++", 33, 0, 0, 0, 0, 0, 0, 0, 0, 0, 2, 35, 70
"d:\RECENT\校招\技术\Program\TinyRPC\tinyrpc\net\tcp\tcp_client.cc", "C++", 153, 0, 0, 0, 0, 0, 0, 0, 0, 0, 1, 26, 180
"d:\RECENT\校招\技术\Program\TinyRPC\tinyrpc\net\tcp\tcp_client.h", "C++", 55, 0, 0, 0, 0, 0, 0, 0, 0, 0, 3, 28, 86
"d:\RECENT\校招\技术\Program\TinyRPC\tinyrpc\net\tcp\tcp_connection.cc", "C++", 257, 0, 0, 0, 0, 0, 0, 0, 0, 0, 23, 68, 348
"d:\RECENT\校招\技术\Program\TinyRPC\tinyrpc\net\tcp\tcp_connection.h", "C++", 82, 0, 0, 0, 0, 0, 0, 0, 0, 0, 0, 50, 132
"d:\RECENT\校招\技术\Program\TinyRPC\tinyrpc\net\tcp\tcp_connection_time_wheel.cc", "C++", 31, 0, 0, 0, 0, 0, 0, 0, 0, 0, 2, 10, 43
"d:\RECENT\校招\技术\Program\TinyRPC\tinyrpc\net\tcp\tcp_connection_time_wheel.h", "C++", 26, 0, 0, 0, 0, 0, 0, 0, 0, 0, 0, 20, 46
"d:\RECENT\校招\技术\Program\TinyRPC\tinyrpc\net\tcp\tcp_server.cc", "C++", 211, 0, 0, 0, 0, 0, 0, 0, 0, 0, 23, 60, 294
"d:\RECENT\校招\技术\Program\TinyRPC\tinyrpc\net\tcp\tcp_server.h", "C++", 73, 0, 0, 0, 0, 0, 0, 0, 0, 0, 0, 54, 127
"d:\RECENT\校招\技术\Program\TinyRPC\tinyrpc\net\timer.cc", "C++", 132, 0, 0, 0, 0, 0, 0, 0, 0, 0, 8, 33, 173
"d:\RECENT\校招\技术\Program\TinyRPC\tinyrpc\net\timer.h", "C++", 56, 0, 0, 0, 0, 0, 0, 0, 0, 0, 2, 33, 91
"d:\RECENT\校招\技术\Program\TinyRPC\tinyrpc\net\tinypb\tinypb_codec.cc", "C++", 221, 0, 0, 0, 0, 0, 0, 0, 0, 0, 13, 70, 304
"d:\RECENT\校招\技术\Program\TinyRPC\tinyrpc\net\tinypb\tinypb_codec.h", "C++", 18, 0, 0, 0, 0, 0, 0, 0, 0, 0, 4, 16, 38
"d:\RECENT\校招\技术\Program\TinyRPC\tinyrpc\net\tinypb\tinypb_data.h", "C++", 30, 0, 0, 0, 0, 0, 0, 0, 0, 0, 6, 9, 45
"d:\RECENT\校招\技术\Program\TinyRPC\tinyrpc\net\tinypb\tinypb_rpc_async_channel.cc", "C++", 114, 0, 0, 0, 0, 0, 0, 0, 0, 0, 2, 25, 141
"d:\RECENT\校招\技术\Program\TinyRPC\tinyrpc\net\tinypb\tinypb_rpc_async_channel.h", "C++", 51, 0, 0, 0, 0, 0, 0, 0, 0, 0, 2, 26, 79
"d:\RECENT\校招\技术\Program\TinyRPC\tinyrpc\net\tinypb\tinypb_rpc_channel.cc", "C++", 89, 0, 0, 0, 0, 0, 0, 0, 0, 0, 2, 17, 108
"d:\RECENT\校招\技术\Program\TinyRPC\tinyrpc\net\tinypb\tinypb_rpc_channel.h", "C++", 22, 0, 0, 0, 0, 0, 0, 0, 0, 0, 1, 11, 34
"d:\RECENT\校招\技术\Program\TinyRPC\tinyrpc\net\tinypb\tinypb_rpc_closure.h", "C++", 22, 0, 0, 0, 0, 0, 0, 0, 0, 0, 0, 12, 34
"d:\RECENT\校招\技术\Program\TinyRPC\tinyrpc\net\tinypb\tinypb_rpc_controller.cc", "C++", 68, 0, 0, 0, 0, 0, 0, 0, 0, 0, 0, 24, 92
"d:\RECENT\校招\技术\Program\TinyRPC\tinyrpc\net\tinypb\tinypb_rpc_controller.h", "C++", 49, 0, 0, 0, 0, 0, 0, 0, 0, 0, 3, 41, 93
"d:\RECENT\校招\技术\Program\TinyRPC\tinyrpc\net\tinypb\tinypb_rpc_dispatcher.cc", "C++", 123, 0, 0, 0, 0, 0, 0, 0, 0, 0, 0, 37, 160
"d:\RECENT\校招\技术\Program\TinyRPC\tinyrpc\net\tinypb\tinypb_rpc_dispatcher.h", "C++", 23, 0, 0, 0, 0, 0, 0, 0, 0, 0, 3, 18, 44
"Total", "-", 6084, 74, 877, 64, 468, 235, 9, 5, 21, 17, 526, 2834, 11214